{"cameraMode":{"drawMode":0,"name":"Shaded","section":"Shading Mode"},"sceneLighting":false,"audioPlay":false,"sceneViewState":{"showFog":true,"showMaterialUpdate":false,"showSkybox":true,"showFlares":true,"showImageEffects":true,"showParticleSystems":true},"in2DMode":false,"pivot":{"x":-0.4944339394569397,"y":-0.5376170873641968,"z":0.3330598473548889},"rotation":{"x":-0.42427289485931399,"y":0.36609306931495669,"z":-0.19283568859100343,"w":-0.8054705262184143},"size":2.2588489055633547,"orthographic":false}