{"cameraMode":{"drawMode":0,"name":"Shaded","section":"Shading Mode"},"sceneLighting":false,"audioPlay":false,"sceneViewState":{"showFog":true,"showMaterialUpdate":false,"showSkybox":true,"showFlares":true,"showImageEffects":true,"showParticleSystems":true},"in2DMode":false,"pivot":{"x":9.397960662841797,"y":-8.238040924072266,"z":12.632318496704102},"rotation":{"x":-0.5350436568260193,"y":-0.10955662280321121,"z":0.0702223926782608,"w":-0.8347421884536743},"size":12.939090728759766,"orthographic":false}