{"cameraMode":{"drawMode":0,"name":"Shaded","section":"Shading Mode"},"sceneLighting":false,"audioPlay":false,"sceneViewState":{"showFog":true,"showMaterialUpdate":false,"showSkybox":true,"showFlares":true,"showImageEffects":true,"showParticleSystems":true},"in2DMode":false,"pivot":{"x":29.136098861694337,"y":-30.095361709594728,"z":60.25825881958008},"rotation":{"x":-0.2068493664264679,"y":-0.2137468308210373,"z":0.046363715082407,"w":-0.9536121487617493},"size":76.6957778930664,"orthographic":false}