{"cameraMode":{"drawMode":0,"name":"Shaded","section":"Shading Mode"},"sceneLighting":false,"audioPlay":false,"sceneViewState":{"showFog":true,"showMaterialUpdate":false,"showSkybox":true,"showFlares":true,"showImageEffects":true,"showParticleSystems":true},"in2DMode":false,"pivot":{"x":2.248654365539551,"y":29.632591247558595,"z":-1.1560659408569337},"rotation":{"x":-0.34267088770866396,"y":0.2782355844974518,"z":0.10701898485422135,"w":0.8909032344818115},"size":22.0,"orthographic":false}