{"cameraMode":{"drawMode":0,"name":"Shaded","section":"Shading Mode"},"sceneLighting":false,"audioPlay":false,"sceneViewState":{"showFog":true,"showMaterialUpdate":false,"showSkybox":true,"showFlares":true,"showImageEffects":true,"showParticleSystems":true},"in2DMode":false,"pivot":{"x":21.30391502380371,"y":-1.837472677230835,"z":27.8740234375},"rotation":{"x":-0.1301277130842209,"y":0.8666895031929016,"z":-0.3780420124530792,"w":-0.2983292043209076},"size":0.6858921051025391,"orthographic":false}