{"cameraMode":{"drawMode":0,"name":"Shaded","section":"Shading Mode"},"sceneLighting":false,"audioPlay":false,"sceneViewState":{"showFog":true,"showMaterialUpdate":false,"showSkybox":true,"showFlares":true,"showImageEffects":true,"showParticleSystems":true},"in2DMode":false,"pivot":{"x":0.0021537132561206819,"y":0.29240599274635317,"z":0.0014495619107037783},"rotation":{"x":0.6143872141838074,"y":-0.03547137975692749,"z":0.02766612358391285,"w":0.7877212762832642},"size":0.009478509426116944,"orthographic":false}