{"cameraMode":{"drawMode":0,"name":"Shaded","section":"Shading Mode"},"sceneLighting":false,"audioPlay":false,"sceneViewState":{"showFog":true,"showMaterialUpdate":false,"showSkybox":true,"showFlares":true,"showImageEffects":true,"showParticleSystems":true},"in2DMode":false,"pivot":{"x":-0.006729995831847191,"y":0.0465468168258667,"z":-0.008910177275538445},"rotation":{"x":-0.3053320646286011,"y":-0.41042906045913699,"z":0.14805778861045838,"w":-0.8464037179946899},"size":22.0,"orthographic":false}